Model,RMSE,MAE
SVD,0.7056188673087878,0.5237535831764532
UserBasedCF,0.8477912478906585,0.38125
KNNBasic,0.7324882206307701,0.5824115044247787
KNNWithMeans,0.7324882206307701,0.5824115044247787
Baseline,0.8704420231000254,0.5004295532646048
